Industry,Company,Valuation ($B)
Artificial Intelligence,Aibee,1
Artificial Intelligence,Hailo,1
Artificial Intelligence,iCarbonX,1
Artificial Intelligence,Momenta,1
Artificial Intelligence,Globality,1
Artificial Intelligence,Intellifusion,1
Artificial Intelligence,Meero,1
Artificial Intelligence,Standard,1
Artificial Intelligence,Feedzai,1
Artificial Intelligence,Groq,1
Artificial Intelligence,Sift,1
Artificial Intelligence,Shift Technology,1
Artificial Intelligence,TensTorrent,1
Artificial Intelligence,Tractable,1
Artificial Intelligence,Amperity,1
Artificial Intelligence,Bluecore,1
Artificial Intelligence,Snorkel AI,1
Artificial Intelligence,Shield AI,1
Artificial Intelligence,Weights & Biases,1
Artificial Intelligence,Augury,1
Artificial Intelligence,Owkin,1
Artificial Intelligence,Anyscale,1
Artificial Intelligence,Haomao.AI,1
Artificial Intelligence,Placer.ai,1
Artificial Intelligence,Betterfly,1
Artificial Intelligence,CommerceIQ,1
Artificial Intelligence,OrCam Technologies,1.03
Artificial Intelligence,Invoca,1.1
Artificial Intelligence,Rebellion Defense,1.15
Artificial Intelligence,Mininglamp Technology,1.19
Artificial Intelligence,Vectra Networks,1.2
Artificial Intelligence,Ada Support,1.2
Artificial Intelligence,SmartMore,1.2
Artificial Intelligence,BigPanda,1.2
Artificial Intelligence,Viz.ai,1.2
Artificial Intelligence,TUNGEE,1.3
Artificial Intelligence,Unisound,1.31
Artificial Intelligence,DeepBlue Technology,1.35
Artificial Intelligence,SparkCognition,1.4
Artificial Intelligence,Shukun Technology,1.46
Artificial Intelligence,Veriff,1.5
Artificial Intelligence,Mashgin,1.5
Artificial Intelligence,MOLOCO,1.5
Artificial Intelligence,Afiniti,1.6
Artificial Intelligence,Monte Carlo,1.6
Artificial Intelligence,Cresta,1.6
Artificial Intelligence,ASAPP,1.6
Artificial Intelligence,AlphaSense,1.7
Artificial Intelligence,H2O.ai,1.7
Artificial Intelligence,Lightricks,1.8
Artificial Intelligence,ConcertAI,1.9
Artificial Intelligence,Avant,2
Artificial Intelligence,Preferred Networks,2
Artificial Intelligence,4Paradigm,2
Artificial Intelligence,Hive,2
Artificial Intelligence,XtalPi,2
Artificial Intelligence,Black Sesame Technologies,2
Artificial Intelligence,Advance Intelligence Group,2
Artificial Intelligence,VerbIT,2
Artificial Intelligence,Trax,2
Artificial Intelligence,Hugging Face,2
Artificial Intelligence,Moveworks,2.1
Artificial Intelligence,YITU Technology,2.17
Artificial Intelligence,Hesai Tech,2.18
Artificial Intelligence,BloomReach,2.2
Artificial Intelligence,Uptake,2.3
Artificial Intelligence,Uniphore,2.5
Artificial Intelligence,Unico,2.6
Artificial Intelligence,o9 Solutions,2.7
Artificial Intelligence,Graphcore,2.77
Artificial Intelligence,OpenAI,2.92
Artificial Intelligence,Indigo Ag,3.5
Artificial Intelligence,Harness,3.7
Artificial Intelligence,MEGVII,4
Artificial Intelligence,Dataminr,4.1
Artificial Intelligence,Anduril,4.6
Artificial Intelligence,Dataiku,4.6
Artificial Intelligence,Horizon Robotics,5
Artificial Intelligence,Icertis,5
Artificial Intelligence,6Sense,5.2
Artificial Intelligence,DataRobot,6.3
Artificial Intelligence,Automation Anywhere,6.8
Artificial Intelligence,Gong,7.25
Artificial Intelligence,Scale AI,7.3
Artificial Intelligence,Pony.ai,8.5
Artificial Intelligence,Faire,12.59
Artificial Intelligence,ByteDance,140
Auto & transportation,Turntide Technologies,1
Auto & transportation,Banma Network Technologies,1
Auto & transportation,Divergent 3D,1
Auto & transportation,Leap Motor,1.01
Auto & transportation,Socar,1.07
Auto & transportation,Tuhu,1.16
Auto & transportation,Fair,1.2
Auto & transportation,inDriver,1.23
Auto & transportation,Cabify,1.4
Auto & transportation,Rad Power Bikes,1.4
Auto & transportation,Einride,1.44
Auto & transportation,Bordrin Motors,1.48
Auto & transportation,Gett,1.5
Auto & transportation,Cambridge Mobile Telematics,1.5
Auto & transportation,Cao Cao Mobility,1.6
Auto & transportation,AIWAYS,1.78
Auto & transportation,ENOVATE,1.85
Auto & transportation,Volocopter,1.87
Auto & transportation,BlaBlaCar,2
Auto & transportation,ROX Motor,2
Auto & transportation,Rimac Automobili,2
Auto & transportation,Star Charge,2.41
Auto & transportation,BYTON,2.5
Auto & transportation,FlixMobility,3
Auto & transportation,Via,3.3
Auto & transportation,ECARX,3.31
Auto & transportation,Youxia Motors,3.35
Auto & transportation,Applied Intuition,3.6
Auto & transportation,Hozon Auto,3.95
Auto & transportation,WeRide,4.4
Auto & transportation,Hello TransTech,5
Auto & transportation,WM Motor,5
Auto & transportation,Ola Electric Mobility,5
Auto & transportation,SVOLT,6.51
Auto & transportation,Argo AI,7.25
Auto & transportation,Ola Cabs,7.5
Auto & transportation,Bolt,8.4
Auto & transportation,Nuro,8.6
Auto & transportation,ZongMu Technology,11.4
Consumer & retail,Kendra Scott,1
Consumer & retail,Mobvoi,1
Consumer & retail,Pat McGrath Labs,1
Consumer & retail,Zihaiguo,1
Consumer & retail,HAYDON,1
Consumer & retail,Razor,1
Consumer & retail,Nature's Fynd,1
Consumer & retail,Rothy's,1
Consumer & retail,Kopi Kenangan,1
Consumer & retail,Cirkul,1.07
Consumer & retail,L&P Cosmetic,1.19
Consumer & retail,BrewDog,1.24
Consumer & retail,Yijiupi,1.5
Consumer & retail,NotCo,1.5
Consumer & retail,Promasidor Holdings,1.59
Consumer & retail,Glossier,1.65
Consumer & retail,Harry's,1.7
Consumer & retail,PAX,1.7
Consumer & retail,Trendy Group International,2
Consumer & retail,Guoquan Shihui,2
Consumer & retail,Motif FoodWorks,2.2
Consumer & retail,Zume,2.25
Consumer & retail,Eat Just,2.59
Consumer & retail,Impossible Foods,4
Consumer & retail,Easyhome,5.78
Consumer & retail,Weilong,10.88
Consumer & retail,JUUL Labs,12
Consumer & retail,Yuanqi Senlin,15
Cybersecurity,Lookout,1
Cybersecurity,Perimeter 81,1
Cybersecurity,Aqua Security,1
Cybersecurity,Claroty,1
Cybersecurity,Drata,1
Cybersecurity,Contrast Security,1
Cybersecurity,Stytch,1
Cybersecurity,Expel,1
Cybersecurity,ReliaQuest,1
Cybersecurity,Noname Security,1
Cybersecurity,Pentera,1
Cybersecurity,CHEQ,1
Cybersecurity,BlueVoyant,1
Cybersecurity,Electric,1
Cybersecurity,JupiterOne,1
Cybersecurity,eSentire,1.1
Cybersecurity,Beyond Identity,1.1
Cybersecurity,Teleport,1.1
Cybersecurity,Material Security,1.1
Cybersecurity,Venafi,1.15
Cybersecurity,BigID,1.25
Cybersecurity,Incode Technologies,1.25
Cybersecurity,Tongdun Technology,1.32
Cybersecurity,Panther Labs,1.4
Cybersecurity,Salt Security,1.4
Cybersecurity,Aleo,1.45
Cybersecurity,ID.me,1.5
Cybersecurity,Persona,1.5
Cybersecurity,Verkada,1.6
Cybersecurity,Nord Security,1.6
Cybersecurity,Vanta,1.6
Cybersecurity,Dragos,1.7
Cybersecurity,Trulioo,1.75
Cybersecurity,Orca Security,1.8
Cybersecurity,Kaseya,2
Cybersecurity,CertiK,2
Cybersecurity,Exabeam,2.4
Cybersecurity,BitSight Technologies,2.4
Cybersecurity,Cybereason,2.44
Cybersecurity,Cato Networks,2.5
Cybersecurity,Aura,2.5
Cybersecurity,Sysdig,2.5
Cybersecurity,Axonius,2.6
Cybersecurity,Transmit Security,2.74
Cybersecurity,Illumio,2.75
Cybersecurity,Forter,3
Cybersecurity,Acronis,3.5
Cybersecurity,Abnormal Security,4
Cybersecurity,Arctic Wolf Networks,4.3
Cybersecurity,Socure,4.5
Cybersecurity,Coalition,5
Cybersecurity,Wiz,6
Cybersecurity,1Password,6.8
Cybersecurity,Netskope,7.5
Cybersecurity,StarkWare,8
Cybersecurity,Lacework,8.3
Cybersecurity,Snyk,8.6
Cybersecurity,Tanium,9
Data management & analytics,Quantum Metric,1
Data management & analytics,Axtria,1
Data management & analytics,Chronosphere,1
Data management & analytics,Iodine Software,1
Data management & analytics,Fractal Analytics,1
Data management & analytics,Minio,1
Data management & analytics,Dune Analytics,1
Data management & analytics,Immuta,1
Data management & analytics,SingleStore,1
Data management & analytics,Instabase,1.05
Data management & analytics,Sisense,1.1
Data management & analytics,Nexthink,1.1
Data management & analytics,Imply Data,1.1
Data management & analytics,CloudBees,1.15
Data management & analytics,Qumulo,1.2
Data management & analytics,Copado,1.2
Data management & analytics,YugaByte,1.3
Data management & analytics,Firebolt,1.4
Data management & analytics,Cognite,1.5
Data management & analytics,Mu Sigma,1.5
Data management & analytics,DT Dream,1.5
Data management & analytics,Matillion,1.5
Data management & analytics,DataStax,1.6
Data management & analytics,Jusfoun Big Data,1.62
Data management & analytics,Reltio,1.7
Data management & analytics,Neo4j,2
Data management & analytics,Druva,2
Data management & analytics,Redis Labs,2
Data management & analytics,ClickHouse,2
Data management & analytics,Dremio,2
Data management & analytics,Devo Technology,2
Data management & analytics,Cribl,2.5
Data management & analytics,JumpCloud,2.62
Data management & analytics,OwnBackup,3.35
Data management & analytics,Starburst,3.35
Data management & analytics,Cohesity,3.7
Data management & analytics,VAST Data,3.7
Data management & analytics,Rubrik,4
Data management & analytics,dbt Labs,4.2
Data management & analytics,SambaNova Systems,5
Data management & analytics,Cockroach Labs,5
Data management & analytics,Collibra,5.25
Data management & analytics,FiveTran,5.6
Data management & analytics,Celonis,11
Data management & analytics,Databricks,38
E-commerce & direct-to-consumer,Snapdeal,1
E-commerce & direct-to-consumer,TechStyle Fashion Group,1
E-commerce & direct-to-consumer,BeiBei,1
E-commerce & direct-to-consumer,Lamabang,1
E-commerce & direct-to-consumer,Mia.com,1
E-commerce & direct-to-consumer,Womai,1
E-commerce & direct-to-consumer,Zhuan Zhuan,1
E-commerce & direct-to-consumer,Zhaogang,1
E-commerce & direct-to-consumer,DianRong,1
E-commerce & direct-to-consumer,Hosjoy,1
E-commerce & direct-to-consumer,Hotmart,1
E-commerce & direct-to-consumer,Zwift,1
E-commerce & direct-to-consumer,MadeiraMadeira,1
E-commerce & direct-to-consumer,The Zebra,1
E-commerce & direct-to-consumer,Carro,1
E-commerce & direct-to-consumer,Gelato,1
E-commerce & direct-to-consumer,Cider,1
E-commerce & direct-to-consumer,Berlin Brands Group,1
E-commerce & direct-to-consumer,Licious,1
E-commerce & direct-to-consumer,Savage X Fenty,1
E-commerce & direct-to-consumer,Heyday,1
E-commerce & direct-to-consumer,Pet Circle,1
E-commerce & direct-to-consumer,SellerX,1
E-commerce & direct-to-consumer,Grover,1
E-commerce & direct-to-consumer,Jiuxian,1.05
E-commerce & direct-to-consumer,Mamaearth,1.07
E-commerce & direct-to-consumer,AppDirect,1.1
E-commerce & direct-to-consumer,Juanpi,1.1
E-commerce & direct-to-consumer,Pharmapacks,1.1
E-commerce & direct-to-consumer,Carousell,1.1
E-commerce & direct-to-consumer,Daily Harvest,1.1
E-commerce & direct-to-consumer,GlobalBees,1.1
E-commerce & direct-to-consumer,Purplle,1.1
E-commerce & direct-to-consumer,Oda,1.2
E-commerce & direct-to-consumer,CarDekho,1.2
E-commerce & direct-to-consumer,MyGlamm,1.2
E-commerce & direct-to-consumer,Merama,1.2
E-commerce & direct-to-consumer,LivSpace,1.2
E-commerce & direct-to-consumer,Choco,1.2
E-commerce & direct-to-consumer,GrubMarket,1.2
E-commerce & direct-to-consumer,Motorway,1.33
E-commerce & direct-to-consumer,RIDI,1.33
E-commerce & direct-to-consumer,Koudai,1.4
E-commerce & direct-to-consumer,Away,1.4
E-commerce & direct-to-consumer,Rebel Foods,1.4
E-commerce & direct-to-consumer,Bucketplace,1.4
E-commerce & direct-to-consumer,Gymshark,1.45
E-commerce & direct-to-consumer,Yipin Shengxian,1.49
E-commerce & direct-to-consumer,Mofang Living,1.5
E-commerce & direct-to-consumer,JOLLY Information Technology,1.5
E-commerce & direct-to-consumer,Olist,1.5
E-commerce & direct-to-consumer,Il Makiage,1.5
E-commerce & direct-to-consumer,Fabric,1.5
E-commerce & direct-to-consumer,Carzone,1.52
E-commerce & direct-to-consumer,Tonal,1.6
E-commerce & direct-to-consumer,Vestiaire Collective,1.7
E-commerce & direct-to-consumer,Carsome,1.7
E-commerce & direct-to-consumer,DealShare,1.7
E-commerce & direct-to-consumer,Spinny,1.75
E-commerce & direct-to-consumer,eDaili,1.9
E-commerce & direct-to-consumer,Material Bank,1.9
E-commerce & direct-to-consumer,Ankorstore,1.98
E-commerce & direct-to-consumer,Tubatu.com,2
E-commerce & direct-to-consumer,HuiMin,2
E-commerce & direct-to-consumer,Xingyun Group,2
E-commerce & direct-to-consumer,Akulaku,2
E-commerce & direct-to-consumer,FirstCry,2.1
E-commerce & direct-to-consumer,Urban Company,2.1
E-commerce & direct-to-consumer,MUSINSA,2.2
E-commerce & direct-to-consumer,WEMAKEPRICE,2.34
E-commerce & direct-to-consumer,Infra.Market,2.5
E-commerce & direct-to-consumer,Fetch Rewards,2.5
E-commerce & direct-to-consumer,ManoMano,2.6
E-commerce & direct-to-consumer,Moglix,2.6
E-commerce & direct-to-consumer,Flink,2.85
E-commerce & direct-to-consumer,Loft,2.9
E-commerce & direct-to-consumer,SouChe Holdings,3
E-commerce & direct-to-consumer,KK Group,3
E-commerce & direct-to-consumer,Nuvemshop,3.1
E-commerce & direct-to-consumer,Thumbtack,3.2
E-commerce & direct-to-consumer,Skims,3.2
E-commerce & direct-to-consumer,Cars24,3.3
E-commerce & direct-to-consumer,Mirakl,3.5
E-commerce & direct-to-consumer,Whoop,3.6
E-commerce & direct-to-consumer,GOAT,3.7
E-commerce & direct-to-consumer,Whatnot,3.7
E-commerce & direct-to-consumer,Dutchie,3.75
E-commerce & direct-to-consumer,StockX,3.8
E-commerce & direct-to-consumer,Houzz,4
E-commerce & direct-to-consumer,Vuori,4
E-commerce & direct-to-consumer,SSENSE,4.15
E-commerce & direct-to-consumer,Miaoshou Doctor,4.25
E-commerce & direct-to-consumer,Lenskart,4.5
E-commerce & direct-to-consumer,Vinted,4.53
E-commerce & direct-to-consumer,OfBusiness,5
E-commerce & direct-to-consumer,QuintoAndar,5.1
E-commerce & direct-to-consumer,Back Market,5.7
E-commerce & direct-to-consumer,Lianjia,5.77
E-commerce & direct-to-consumer,Ziroom,6.6
E-commerce & direct-to-consumer,Kavak,8.7
E-commerce & direct-to-consumer,Chehaoduo,10
E-commerce & direct-to-consumer,Thrasio,10
E-commerce & direct-to-consumer,Xingsheng Selected,12
E-commerce & direct-to-consumer,Xiaohongshu,20
E-commerce & direct-to-consumer,Fanatics,27
E-commerce & direct-to-consumer,SHEIN,100
Edtech,HuJiang,1
Edtech,iTutorGroup,1
Edtech,Huike Group,1
Edtech,KnowBox,1
Edtech,Quizlet,1
Edtech,Newsela,1
Edtech,Yunxuetang,1
Edtech,JoyTunes,1
Edtech,Vedantu,1
Edtech,LEAD School,1.1
Edtech,PhysicsWallah,1.1
Edtech,Luoji Siwei,1.18
Edtech,Pipa Coding,1.2
Edtech,ClassDojo,1.25
Edtech,Degreed,1.4
Edtech,Changingedu,1.5
Edtech,Multiverse,1.7
Edtech,Fenbi Education,1.95
Edtech,UpGrad,2.25
Edtech,MasterClass,2.75
Edtech,Zuoyebang,3
Edtech,Age of Learning,3
Edtech,Outschool,3
Edtech,Eruditus Executive Education,3.2
Edtech,ApplyBoard,3.2
Edtech,Unacademy,3.44
Edtech,GoStudent,3.5
Edtech,Course Hero,3.6
Edtech,Articulate,3.75
Edtech,VIPKid,4.5
Edtech,Yuanfudao,15.5
Edtech,BYJU's,22
Fintech,TransferMate,1
Fintech,JimuBox,1
Fintech,WeLab,1
Fintech,Tresata,1
Fintech,Ibotta,1
Fintech,C2FO,1
Fintech,Numbrs,1
Fintech,EBANX,1
Fintech,PPRO,1
Fintech,WeBull,1
Fintech,Sidecar Health,1
Fintech,Hyperchain,1
Fintech,Clearcover,1
Fintech,Injective Protocol,1
Fintech,SaltPay,1
Fintech,Amount,1
Fintech,Vise,1
Fintech,Worldcoin,1
Fintech,SmartAsset,1
Fintech,bolttech,1
Fintech,Xiaobing,1
Fintech,Carson Group,1
Fintech,NIUM,1
Fintech,Human Interest,1
Fintech,Freshbooks,1
Fintech,Dunamu,1
Fintech,Orchard,1
Fintech,Xendit,1
Fintech,TrueLayer,1
Fintech,Ajaib,1
Fintech,Masterworks,1
Fintech,Swile,1
Fintech,MobiKwik,1
Fintech,Zopa,1
Fintech,Wrapbook,1
Fintech,Clara,1
Fintech,Lydia,1
Fintech,Esusu,1
Fintech,Payhawk,1
Fintech,Scalapay,1
Fintech,Vendr,1
Fintech,Gauntlet Networks,1
Fintech,Glia,1
Fintech,FLASH,1
Fintech,Oyster,1
Fintech,Taxfix,1
Fintech,Open,1
Fintech,Opn,1
Fintech,Habi,1
Fintech,0x,1.05
Fintech,Branch,1.05
Fintech,Matrixport,1.05
Fintech,MobileCoin,1.06
Fintech,Radius Payment Solutions,1.07
Fintech,Ivalua,1.1
Fintech,Zego,1.1
Fintech,Sunbit,1.1
Fintech,Caribou,1.1
Fintech,Acko General Insurance,1.1
Fintech,The Bank of London,1.1
Fintech,Fundbox,1.1
Fintech,CAIS,1.1
Fintech,TELD,1.12
Fintech,At-Bay,1.12
Fintech,Guideline,1.15
Fintech,Happy Money,1.15
Fintech,Zip,1.2
Fintech,Public,1.2
Fintech,Pilot.com,1.2
Fintech,FloQast,1.2
Fintech,DailyPay,1.2
Fintech,AgentSync,1.2
Fintech,Phantom,1.2
Fintech,Unit,1.2
Fintech,stori,1.2
Fintech,Marshmallow,1.25
Fintech,CaptivateIQ,1.25
Fintech,Huisuanzhang,1.28
Fintech,Konfio,1.3
Fintech,Betterment,1.3
Fintech,Lukka,1.3
Fintech,iTrustCapital,1.3
Fintech,CoinTracker,1.3
Fintech,CredAvenue,1.3
Fintech,Signifyd,1.34
Fintech,Alloy,1.35
Fintech,Extend,1.36
Fintech,Neon,1.38
Fintech,Deliverect,1.4
Fintech,Symphony,1.4
Fintech,Stash,1.4
Fintech,Paddle,1.4
Fintech,OneCard,1.4
Fintech,Scalable Capital,1.4
Fintech,M1,1.45
Fintech,Kushki,1.5
Fintech,Collective Health,1.5
Fintech,Snapdocs,1.5
Fintech,TaxBit,1.5
Fintech,Pacaso,1.5
Fintech,Ascend Money,1.5
Fintech,CoinList,1.5
Fintech,Spendesk,1.5
Fintech,Zeta,1.5
Fintech,Boba,1.5
Fintech,Dock,1.5
Fintech,Baiwang,1.55
Fintech,SmartHR,1.6
Fintech,Mercury,1.6
Fintech,Wayflyer,1.6
Fintech,Capitolis,1.6
Fintech,Magic Eden,1.6
Fintech,solarisBank,1.65
Fintech,Wave,1.7
Fintech,ZenBusiness,1.7
Fintech,Spotter,1.7
Fintech,HomeLight,1.7
Fintech,Forte Labs,1.73
Fintech,Slice,1.8
Fintech,CFGI,1.85
Fintech,MX Technologies,1.9
Fintech,CoinSwitch Kuber,1.9
Fintech,Acorns,1.9
Fintech,Roofstock,1.94
Fintech,Babel Finance,2
Fintech,Unqork,2
Fintech,Earnix,2
Fintech,Clearco,2
Fintech,Pipe,2
Fintech,Bunq,2
Fintech,Clip,2
Fintech,Divvy Homes,2
Fintech,Opay,2
Fintech,Modern Treasury,2
Fintech,Mynt,2
Fintech,Zilch,2
Fintech,Lunar,2
Fintech,Chipper Cash,2
Fintech,ReCharge,2.1
Fintech,GoCardless,2.1
Fintech,Jeeves,2.1
Fintech,PayFit,2.1
Fintech,CloudWalk,2.15
Fintech,CoinDCX,2.15
Fintech,Addepar,2.17
Fintech,Qualia,2.17
Fintech,Newfront Insurance,2.2
Fintech,Current,2.2
Fintech,Bitso,2.2
Fintech,MoMo,2.27
Fintech,Greenlight,2.3
Fintech,ManyPets,2.35
Fintech,PolicyBazaar,2.4
Fintech,Paxos,2.4
Fintech,Trumid,2.4
Fintech,Cgtz,2.41
Fintech,EquipmentShare,2.41
Fintech,Uala,2.45
Fintech,Varo Bank,2.5
Fintech,Immutable,2.5
Fintech,Coda Payments,2.5
Fintech,BackBase,2.66
Fintech,Tradeshift,2.7
Fintech,Thought Machine,2.7
Fintech,Ethos,2.7
Fintech,DriveWealth,2.85
Fintech,Alan,2.85
Fintech,Kraken,2.92
Fintech,BGL Group,3
Fintech,Circle,3
Fintech,BlockFi,3
Fintech,TradingView,3
Fintech,Groww,3
Fintech,Anchorage Digital,3
Fintech,Inxeption,3
Fintech,Flutterwave,3
Fintech,Amber Group,3
Fintech,Cross River Bank,3
Fintech,Remote,3
Fintech,HighRadius,3.1
Fintech,Cedar,3.2
Fintech,Blockstream,3.2
Fintech,BlockDaemon,3.25
Fintech,Starling Bank,3.34
Fintech,MoonPay,3.4
Fintech,Upstox,3.4
Fintech,Celsius Network,3.5
Fintech,ChargeBee Technologies,3.5
Fintech,SpotOn,3.6
Fintech,Greensill,4
Fintech,Next Insurance,4
Fintech,Melio,4
Fintech,Digit Insurance,4
Fintech,CRED,4.01
Fintech,BitPanda,4.11
Fintech,Monzo,4.5
Fintech,wefox,4.5
Fintech,Lendable,4.58
Fintech,Pleo,4.7
Fintech,Creditas,4.8
Fintech,ZEPZ,5
Fintech,OakNorth Bank,5
Fintech,Pine Labs,5
Fintech,Qonto,5
Fintech,C6 Bank,5.05
Fintech,Trade Republic,5.36
Fintech,Toss,5.48
Fintech,Airwallex,5.5
Fintech,Mambu,5.5
Fintech,Better.com,6
Fintech,iCapital Network,6
Fintech,Upgrade,6.28
Fintech,National Stock Exchange of India,6.5
Fintech,Mollie,6.5
Fintech,Klarna,6.7
Fintech,ConsenSys,7
Fintech,Gemini,7.1
Fintech,Carta,7.4
Fintech,Razorpay,7.5
Fintech,Fireblocks,8
Fintech,FalconX,8
Fintech,Ramp,8.1
Fintech,Tipalti,8.3
Fintech,SumUp,8.5
Fintech,Chainalysis,8.6
Fintech,Rapyd,8.75
Fintech,N26,9.23
Fintech,Gusto,10
Fintech,Digital Currency Group,10
Fintech,KuCoin,10
Fintech,Alchemy,10.2
Fintech,Bolt,11
Fintech,Deel,12
Fintech,Brex,12.3
Fintech,Plaid,13.5
Fintech,Blockchain.com,14
Fintech,Ripple,15
Fintech,Chime,25
Fintech,FTX,32
Fintech,Revolut,33
Fintech,Checkout.com,40
Fintech,Stripe,95
Hardware,China Cloud,1
Hardware,TERMINUS Technology,1
Hardware,BitFury,1
Hardware,Geek+,1
Hardware,Locus Robotics,1
Hardware,EcoFlow,1
Hardware,1KMXC,1
Hardware,Agile Robots,1
Hardware,Vayyar,1
Hardware,Ample,1.02
Hardware,Density,1.05
Hardware,Gaussian Robotics,1.1
Hardware,Enflame,1.24
Hardware,Greater Bay Technology,1.26
Hardware,JMGO,1.26
Hardware,Jaguar Microsystems,1.34
Hardware,Coocaa,1.45
Hardware,Ledger,1.5
Hardware,Next Silicon,1.5
Hardware,Iluvatar CoreX,1.55
Hardware,ICON 3D,1.57
Hardware,Infinidat,1.6
Hardware,Opentrons,1.8
Hardware,Formlabs,2
Hardware,Magic Leap,2
Hardware,Exotec,2
Hardware,Biren Technology,2.32
Hardware,Carbon,2.4
Hardware,SiFive,2.5
Hardware,PsiQuantum,3.15
Hardware,Flock Safety,3.5
Hardware,Cerebras Systems,4
Hardware,UBTECH Robotics,4.58
Hardware,Chipone,4.73
Hardware,Royole Corporation,6
Hardware,Global Switch,11.1
Hardware,Bitmain Technologies,12
Hardware,DJI Innovations,15
Health,MindMaze,1
Health,Modernizing Medicine,1
Health,Dxy.cn,1
Health,LinkDoc Technology,1
Health,Alto Pharmacy,1
Health,Orca Bio,1
Health,Evidation,1
Health,Fiture,1
Health,Capsule,1
Health,Thirty Madison,1
Health,LetsGetChecked,1
Health,dMed Biopharmaceutical,1
Health,Maven Clinic,1
Health,Mammoth Biosciences,1
Health,TrialSpark,1
Health,Dental Monitoring,1
Health,Cadence,1
Health,Omada Health,1
Health,BostonGene,1
Health,NexHealth,1
Health,CareBridge,1
Health,Wheel,1.01
Health,Aprogen,1.04
Health,Rightway,1.1
Health,IntelyCare,1.1
Health,Visby Medical,1.12
Health,Elemy,1.15
Health,Modern Health,1.17
Health,Prime Medicine,1.2
Health,Spectrum Medical,1.2
Health,Kallyope,1.22
Health,EQRx,1.23
Health,Shulan Health,1.24
Health,HeartFlow,1.3
Health,InSightec,1.3
Health,Everly Health,1.3
Health,Biofourmis,1.3
Health,Alzheon,1.31
Health,Athletic Greens,1.32
Health,Yaoshibang,1.35
Health,Generate Biomedicines,1.36
Health,Papa,1.4
Health,Clarify Health,1.4
Health,Nimble Rx,1.4
Health,Pristyn Care,1.4
Health,SonderMind,1.42
Health,Valgen Medtech,1.43
Health,K Health,1.5
Health,CureFit,1.5
Health,Athelas,1.5
Health,Unite Us,1.6
Health,Truepill,1.6
Health,Transcarent,1.62
Health,Tessera Therapeutics,1.69
Health,DispatchHealth,1.7
Health,Saliogen Therapeutics,1.7
Health,Cambrian BioPharma,1.79
Health,ZocDoc,1.8
Health,Aledade,1.9
Health,Virta Health,2
Health,KRY,2
Health,Spring Health,2
Health,SWORD Health,2
Health,Medable,2.1
Health,Somatus,2.5
Health,Oura,2.55
Health,Freenome,2.62
Health,CMR Surgical,3
Health,Carbon Health,3
Health,Innovaccer,3.2
Health,Eikon Therapeutics,3.2
Health,Komodo Health,3.3
Health,Otto Bock HealthCare,3.52
Health,Noom,3.7
Health,Abogen,3.7
Health,Intarcia Therapeutics,3.8
Health,Medlinker,3.92
Health,Radiology Partners,4
Health,Olive,4
Health,Color,4.6
Health,Cerebral,4.8
Health,Reify Health,4.8
Health,United Imaging Healthcare,5
Health,Cityblock Health,5.7
Health,Lyra Health,5.85
Health,Hinge Health,6.2
Health,Doctolib,6.4
Health,We Doctor,7
Health,Ro,7
Health,Caris Life Sciences,7.83
Health,Tempus,8.1
Health,Biosplice Therapeutics,12
Health,Devoted Health,12.6
Internet software & services,Vox Media,1
Internet software & services,58 Daojia,1
Internet software & services,SMS Assist,1
Internet software & services,MediaMath,1
Internet software & services,VTS,1
Internet software & services,News Break,1
Internet software & services,Splashtop,1
Internet software & services,DriveNets,1
Internet software & services,PatSnap,1
Internet software & services,Cameo,1
Internet software & services,Mux,1
Internet software & services,XForcePlus,1
Internet software & services,Xiaoe Tech,1
Internet software & services,Aircall,1
Internet software & services,Morning Consult,1
Internet software & services,Visier,1
Internet software & services,Pantheon Systems,1
Internet software & services,GO1,1
Internet software & services,Assembly,1
Internet software & services,PandaDoc,1
Internet software & services,Solo.io,1
Internet software & services,Moka,1
Internet software & services,Tezign,1
Internet software & services,Vagaro,1
Internet software & services,IGAWorks,1
Internet software & services,OpenWeb,1
Internet software & services,PLACE,1
Internet software & services,NoBroker,1
Internet software & services,Lessen,1
Internet software & services,YipitData,1
Internet software & services,SnapLogic,1
Internet software & services,ONE,1
Internet software & services,Darwinbox,1
Internet software & services,Fever Labs,1
Internet software & services,Watershed,1
Internet software & services,Axelar,1
Internet software & services,Hasura,1
Internet software & services,Timescale,1
Internet software & services,Veev,1
Internet software & services,Aptos,1
Internet software & services,Amagi,1
Internet software & services,RapidAPI,1
Internet software & services,LayerZero Labs,1
Internet software & services,Genies,1
Internet software & services,Remarkable,1
Internet software & services,Glean,1
Internet software & services,LeadSquared,1
Internet software & services,Unstoppable Domains,1
Internet software & services,Mixpanel,1.05
Internet software & services,Nxin,1.08
Internet software & services,Qingting FM,1.1
Internet software & services,G2,1.1
Internet software & services,People.ai,1.1
Internet software & services,apna,1.1
Internet software & services,Karat,1.1
Internet software & services,Enpal,1.1
Internet software & services,Turing,1.1
Internet software & services,Staffbase,1.1
Internet software & services,IRL,1.17
Internet software & services,Workhuman,1.2
Internet software & services,Tealium,1.2
Internet software & services,Alation,1.2
Internet software & services,MindTickle,1.2
Internet software & services,Offchain Labs,1.2
Internet software & services,Gem,1.2
Internet software & services,SeekOut,1.2
Internet software & services,Nova Labs,1.2
Internet software & services,Insider,1.22
Internet software & services,Kuaikan Manhua,1.25
Internet software & services,Honor Technology,1.25
Internet software & services,Mythical Games,1.25
Internet software & services,Tackle.io,1.25
Internet software & services,Flipdish,1.25
Internet software & services,airSlate,1.25
Internet software & services,WTOIP,1.27
Internet software & services,Intercom,1.28
Internet software & services,DistroKid,1.3
Internet software & services,Domestika,1.3
Internet software & services,LinkTree,1.3
Internet software & services,Island,1.3
Internet software & services,Clipboard Health,1.3
Internet software & services,Flipboard,1.32
Internet software & services,Movable Ink,1.36
Internet software & services,Figment,1.4
Internet software & services,Envoy,1.4
Internet software & services,Kong,1.4
Internet software & services,Epidemic Sound,1.4
Internet software & services,Yotpo,1.4
Internet software & services,Coda,1.4
Internet software & services,Phenom People,1.4
Internet software & services,GupShup,1.4
Internet software & services,VideoAmp,1.4
Internet software & services,Justworks,1.43
Internet software & services,Ouyeel,1.45
Internet software & services,Strava,1.5
Internet software & services,Zenoti,1.5
Internet software & services,impact.com,1.5
Internet software & services,SmartRecruiters,1.5
Internet software & services,Culture Amp,1.5
Internet software & services,1047 Games,1.5
Internet software & services,Andela,1.5
Internet software & services,Built,1.5
Internet software & services,candy.com,1.5
Internet software & services,Lusha,1.5
Internet software & services,Paradox,1.5
Internet software & services,Airbyte,1.5
Internet software & services,Temporal,1.5
Internet software & services,5ire,1.5
Internet software & services,Loom,1.53
Internet software & services,Clio,1.6
Internet software & services,SafetyCulture,1.6
Internet software & services,Pave,1.6
Internet software & services,Zhubajie,1.61
Internet software & services,Hibob,1.65
Internet software & services,Optimism,1.65
Internet software & services,Pax8,1.7
Internet software & services,Front,1.7
Internet software & services,CircleCI,1.7
Internet software & services,Productboard,1.7
Internet software & services,Crusoe,1.75
Internet software & services,FullStory,1.8
Internet software & services,Retool,1.85
Internet software & services,InVision,1.9
Internet software & services,thatgamecompany,1.94
Internet software & services,Rokt,1.95
Internet software & services,Xinchao Media,2
Internet software & services,Quora,2
Internet software & services,Calm,2
Internet software & services,Kujiale,2
Internet software & services,Keep,2
Internet software & services,Kajabi,2
Internet software & services,Beisen,2
Internet software & services,Iterable,2
Internet software & services,MURAL,2
Internet software & services,Aviatrix,2
Internet software & services,Everlaw,2
Internet software & services,Netlify,2
Internet software & services,LTK,2
Internet software & services,Cloudinary,2
Internet software & services,Salsify,2
Internet software & services,Eightfold.ai,2.1
Internet software & services,Gympass,2.2
Internet software & services,Dialpad,2.2
Internet software & services,Algolia,2.25
Internet software & services,Pattern,2.25
Internet software & services,Odoo,2.3
Internet software & services,Jobandtalent,2.35
Internet software & services,HoneyBook,2.4
Internet software & services,Mobile Premier League,2.45
Internet software & services,Side,2.5
Internet software & services,Vercel,2.5
Internet software & services,Games24x7,2.5
Internet software & services,Pendo,2.6
Internet software & services,Plume,2.6
Internet software & services,Clari,2.6
Internet software & services,Sourcegraph,2.62
Internet software & services,Zetwerk,2.68
Internet software & services,Nextiva,2.7
Internet software & services,Workrise,2.9
Internet software & services,Calendly,3
Internet software & services,ActiveCampaign,3
Internet software & services,Lucid Software,3
Internet software & services,Contentful,3
Internet software & services,LaunchDarkly,3
Internet software & services,Seismic,3
Internet software & services,Grafana Labs,3
Internet software & services,Sky Mavis,3
Internet software & services,Podium,3
Internet software & services,Lattice,3
Internet software & services,Ironclad,3.2
Internet software & services,Aiven,3.21
Internet software & services,Rec Room,3.5
Internet software & services,Commure,3.5
Internet software & services,Tekion,3.5
Internet software & services,Highspot,3.5
Internet software & services,Handshake,3.5
Internet software & services,Relativity,3.6
Internet software & services,Autograph,3.66
Internet software & services,Papaya Global,3.7
Internet software & services,Patreon,4
Internet software & services,PointClickCare,4
Internet software & services,Zapier,4
Internet software & services,BrowserStack,4
Internet software & services,ClickUp,4
Internet software & services,Aurora Solar,4
Internet software & services,Webflow,4
Internet software & services,Yuga Labs,4
Internet software & services,ThoughtSpot,4.2
Internet software & services,Globalization Partners,4.2
Internet software & services,Sorare,4.3
Internet software & services,Outreach,4.4
Internet software & services,Guild Education,4.4
Internet software & services,Checkr,4.6
Internet software & services,BetterUp,4.7
Internet software & services,SonarSource,4.7
Internet software & services,Meesho,4.9
Internet software & services,VerSe Innovation(Dailyhunt),5
Internet software & services,ShareChat,5
Internet software & services,OneTrust,5.1
Internet software & services,Postman,5.6
Internet software & services,ContentSquare,5.6
Internet software & services,Vice Media,5.7
Internet software & services,Workato,5.7
Internet software & services,Benchling,6.1
Internet software & services,Automattic,7.5
Internet software & services,Dapper Labs,7.6
Internet software & services,Hopin,7.75
Internet software & services,Dream11,8
Internet software & services,Personio,8.5
Internet software & services,Klaviyo,9.2
Internet software & services,OutSystems,9.5
Internet software & services,ServiceTitan,9.5
Internet software & services,Figma,10
Internet software & services,reddit,10
Internet software & services,Talkdesk,10
Internet software & services,Notion Labs,10
Internet software & services,Rippling,11.25
Internet software & services,Airtable,11.7
Internet software & services,GoodLeap,12
Internet software & services,Grammarly,13
Internet software & services,OpenSea,13.3
Internet software & services,Discord,15
Internet software & services,Miro,17.5
Internet software & services,Canva,40
Mobile & telecommunications,InMobi,1
Mobile & telecommunications,LinkSure Network,1
Mobile & telecommunications,FXiaoKe,1
Mobile & telecommunications,Cell C,1
Mobile & telecommunications,Maimai,1
Mobile & telecommunications,HMD Global,1
Mobile & telecommunications,Movile,1
Mobile & telecommunications,Wacai,1
Mobile & telecommunications,Poizon,1
Mobile & telecommunications,Infobip,1
Mobile & telecommunications,PicsArt,1
Mobile & telecommunications,Tarana Wireless,1
Mobile & telecommunications,Sendbird,1.05
Mobile & telecommunications,TangoMe,1.1
Mobile & telecommunications,GalaxySpace,1.22
Mobile & telecommunications,TalkingData,1.3
Mobile & telecommunications,Yidian Zixun,1.4
Mobile & telecommunications,Astranis Space Technologies,1.4
Mobile & telecommunications,Tripledot,1.4
Mobile & telecommunications,Upside,1.5
Mobile & telecommunications,Ximalaya FM,1.52
Mobile & telecommunications,Apus Group,1.73
Mobile & telecommunications,ZigBang,1.93
Mobile & telecommunications,AppsFlyer,2
Mobile & telecommunications,SmartNews,2
Mobile & telecommunications,Huaqin Telecom Technology,2.19
Mobile & telecommunications,Dream Games,2.75
Mobile & telecommunications,Meicai,2.8
Mobile & telecommunications,Yixia,3
Mobile & telecommunications,Scopely,3.3
Mobile & telecommunications,HyalRoute,3.5
Mobile & telecommunications,MessageBird,3.8
Mobile & telecommunications,Yello Mobile,4
Mobile & telecommunications,Clubhouse,4
Mobile & telecommunications,Branch,4
Mobile & telecommunications,Moon Active,5
Mobile & telecommunications,Attentive,5.99
Mobile & telecommunications,Niantic,9
Other,Improbable,1
Other,Red Ventures,1
Other,Revolution Precrafted,1
Other,Ynsect,1
Other,SITECH DEV,1
Other,Emerging Markets Property Group,1
Other,Playco,1
Other,Boom Supersonic,1
Other,Axiom Space,1
Other,Printful,1
Other,Mensa Brands,1
Other,InFarm,1
Other,UPSIDE Foods,1
Other,Polarium,1
Other,Rubicon,1.07
Other,OVH,1.1
Other,Chief,1.1
Other,Recover,1.1
Other,Firefly Aerospace,1.1
Other,LifeMiles,1.15
Other,SOURCE Global,1.16
Other,Inari,1.2
Other,Spiber,1.22
Other,Nexii,1.23
Other,OVO Energy,1.28
Other,The Brandtech Group,1.3
Other,Manner,1.3
Other,Cava Group,1.3
Other,GPclub,1.32
Other,Epirus,1.35
Other,Five Star Business Finance,1.4
Other,Arcadia,1.48
Other,Uplight,1.5
Other,Solugen,1.5
Other,StoreDot,1.5
Other,Prometheus,1.5
Other,Gokin Solar,1.51
Other,Wenheyou,1.55
Other,Diamond Foundry,1.8
Other,OCSiAl,2
Other,Apeel Sciences,2
Other,Accelerant,2.19
Other,NuCom Group,2.2
Other,Skydance Media,2.3
Other,Bowery Farming,2.3
Other,Voodoo,2.31
Other,ABL Space Systems,2.4
Other,Beta Technologies,2.4
Other,Vista Global,2.5
Other,A24 Films,2.5
Other,Wildlife Studios,3
Other,Sentry,3
Other,Dadi Cinema,3.24
Other,Sila Nanotechnologies,3.3
Other,Helion Energy,3.5
Other,Redwood Materials,3.7
Other,Farmers Business Network,4
Other,Relativity Space,4.2
Other,Howden Group Holdings,5
Other,The Boring Company,5.7
Other,Black Unicorn Factory,6.1
Other,Northvolt,9.08
Other,HEYTEA,9.28
Other,Epic Games,31.5
Other,SpaceX,127
"Supply chain, logistics, & delivery",EcoVadis,1
"Supply chain, logistics, & delivery",YH Global,1
"Supply chain, logistics, & delivery",FlashEx,1
"Supply chain, logistics, & delivery",iFood,1
"Supply chain, logistics, & delivery",REEF Technology,1
"Supply chain, logistics, & delivery",Flash Express,1
"Supply chain, logistics, & delivery",Skydio,1
"Supply chain, logistics, & delivery",Shippo,1
"Supply chain, logistics, & delivery",Bringg,1
"Supply chain, logistics, & delivery",ShipBob,1
"Supply chain, logistics, & delivery",Interos,1
"Supply chain, logistics, & delivery",BlackBuck,1
"Supply chain, logistics, & delivery",Keenon Robotics,1
"Supply chain, logistics, & delivery",Ninja Van,1
"Supply chain, logistics, & delivery",CargoX,1
"Supply chain, logistics, & delivery",Fabric,1
"Supply chain, logistics, & delivery",Assent,1
"Supply chain, logistics, & delivery",Scandit,1
"Supply chain, logistics, & delivery",Instabox,1
"Supply chain, logistics, & delivery",FourKites,1
"Supply chain, logistics, & delivery",VulcanForms,1
"Supply chain, logistics, & delivery",Rivigo,1.07
"Supply chain, logistics, & delivery",UISEE Technology,1.08
"Supply chain, logistics, & delivery",56PINGTAI,1.08
"Supply chain, logistics, & delivery",Sennder,1.1
"Supply chain, logistics, & delivery",Nowports,1.1
"Supply chain, logistics, & delivery",Yimidida,1.17
"Supply chain, logistics, & delivery",Yiguo,1.2
"Supply chain, logistics, & delivery",Rohlik Group,1.2
"Supply chain, logistics, & delivery",Jokr,1.2
"Supply chain, logistics, & delivery",Xpressbees,1.2
"Supply chain, logistics, & delivery",Route,1.25
"Supply chain, logistics, & delivery",Flock Freight,1.3
"Supply chain, logistics, & delivery",Loadsmart,1.3
"Supply chain, logistics, & delivery",STORD,1.3
"Supply chain, logistics, & delivery",Optibus,1.3
"Supply chain, logistics, & delivery",Hive Box,1.4
"Supply chain, logistics, & delivery",Juma Peisong,1.45
"Supply chain, logistics, & delivery",YunQuNa,1.5
"Supply chain, logistics, & delivery",ElasticRun,1.5
"Supply chain, logistics, & delivery",Veho,1.5
"Supply chain, logistics, & delivery",Kitopi,1.55
"Supply chain, logistics, & delivery",ezCater,1.6
"Supply chain, logistics, & delivery",Gousto,1.7
"Supply chain, logistics, & delivery",ISN,2
"Supply chain, logistics, & delivery",Loggi,2
"Supply chain, logistics, & delivery",Misfits Market,2
"Supply chain, logistics, & delivery",Forto,2.1
"Supply chain, logistics, & delivery",G7 Networks,2.2
"Supply chain, logistics, & delivery",Project44,2.62
"Supply chain, logistics, & delivery",Zipline,2.8
"Supply chain, logistics, & delivery",Motive,2.85
"Supply chain, logistics, & delivery",Udaan,3.1
"Supply chain, logistics, & delivery",Gorillas,3.1
"Supply chain, logistics, & delivery",Kurly,3.3
"Supply chain, logistics, & delivery",Convoy,3.8
"Supply chain, logistics, & delivery",Weee!,4.1
"Supply chain, logistics, & delivery",Rappi,5.25
"Supply chain, logistics, & delivery",RELEX,5.7
"Supply chain, logistics, & delivery",Flexport,8
"Supply chain, logistics, & delivery",Lalamove,10
"Supply chain, logistics, & delivery",Swiggy,10.7
"Supply chain, logistics, & delivery",Getir,11.8
"Supply chain, logistics, & delivery",goPuff,15
"Supply chain, logistics, & delivery",J&T Express,20
"Supply chain, logistics, & delivery",Instacart,39
Travel,Omio,1
Travel,Yanolja,1
Travel,VOI,1
Travel,GetYourGuide,1.1
Travel,TravelPerk,1.3
Travel,Klook,1.35
Travel,TuJia,1.5
Travel,XiaoZhu,1.5
Travel,Mafengwo,2
Travel,Tier,2
Travel,Traveloka,3
Travel,Hopper,5
Travel,TripActions,7.25
Travel,OYO Rooms,9
